{
  "Entertainment": {
    "precision": 1.0,
    "recall": 0.5,
    "f1-score": 0.6666666666666666,
    "support": 4.0
  },
  "Food": {
    "precision": 0.4,
    "recall": 1.0,
    "f1-score": 0.5714285714285714,
    "support": 4.0
  },
  "Fuel": {
    "precision": 1.0,
    "recall": 0.5,
    "f1-score": 0.6666666666666666,
    "support": 4.0
  },
  "Grocery": {
    "precision": 0.6666666666666666,
    "recall": 0.5,
    "f1-score": 0.5714285714285714,
    "support": 4.0
  },
  "Loan": {
    "precision": 1.0,
    "recall": 1.0,
    "f1-score": 1.0,
    "support": 4.0
  },
  "Shopping": {
    "precision": 0.6666666666666666,
    "recall": 1.0,
    "f1-score": 0.8,
    "support": 4.0
  },
  "Transport": {
    "precision": 1.0,
    "recall": 0.5,
    "f1-score": 0.6666666666666666,
    "support": 4.0
  },
  "Wallet": {
    "precision": 1.0,
    "recall": 0.75,
    "f1-score": 0.8571428571428571,
    "support": 4.0
  },
  "accuracy": 0.71875,
  "macro avg": {
    "precision": 0.8416666666666666,
    "recall": 0.71875,
    "f1-score": 0.725,
    "support": 32.0
  },
  "weighted avg": {
    "precision": 0.8416666666666666,
    "recall": 0.71875,
    "f1-score": 0.725,
    "support": 32.0
  }
}